Species_index,Species,Accession,Type,Class,Genome_size,Body_size_kg,Generation_time_yrs,Repeat_percent,Order,Family,N50_scaffold,N50_contig,Coverage,Quality
1,Alligator_mississippiensis,GCF_030867095.1,reptile,Reptilia,2.3,150,25,31.42,Crocodilia,Alligatoridae,255.1 Mb,38.6 Mb,35.86,Chromosome
2,Alligator_sinensis,GCF_000455745.1,reptile,Reptilia,2.3,36,25,28.65,Crocodilia,Alligatoridae,2.2 Mb,23.4 kb,109,Scaffold
3,Alosa_alosa,GCF_017589495.1,fish,Osteichthyes,0.834,4,7,37.39,Clupeiformes,Clupeidae,35.4 Mb,1.2 Mb,140,Chromosome
4,Alosa_sapidissima,GCF_018492685.1,fish,Osteichthyes,0.904,2.5,5.5,38.16,Clupeiformes,Clupeidae,38.4 Mb,1.6 Mb,33,Chromosome
5,Ammospiza_caudacuta,GCF_027887145.1,bird,Aves,1.2,0.0185,2.35,27.91,Passeriformes,Passerellidae,78.4 Mb,8.3 Mb,34.18,Chromosome
6,Ammospiza_nelsoni,GCF_027579445.1,bird,Aves,1.2,0.019,2.66,19.29,Passeriformes,Passerellidae,74.7 Mb,12 Mb,34.27,Chromosome
7,Apteryx_mantelli_mantelli,GCF_001039765.1,bird,Aves,1.5,2.61,8.8,14.29,Apterygiformes,Apterygidae,5.7 Mb,17.3 kb,37,Contig
8,Apteryx_rowi,GCF_003343035.1,bird,Aves,1.2,2.25,10.45,17.78,Apterygiformes,Apterygidae,1.7 Mb,"2,680",54.3,Scaffold
9,Balaenoptera_acutorostrata,GCF_949987535.1,mammal,Mammalia,2.8,9072,22.1,42.15,Artiodactyla,Balaenopteridae,116.5 Mb,3 Mb,30,Chromosome
10,Balaenoptera_musculus,GCF_009873245.2,mammal,Mammalia,2.4,113398,30.8,34.06,Artiodactyla,Balaenopteridae,110.3 Mb,6.3 Mb,51.16,Chromosome
11,Balaenoptera_ricei,GCF_028023285.1,mammal,Mammalia,2.7,27215,18.4,40.55,Artiodactyla,Balaenopteridae,122.1 Mb,36.5 Mb,30,Chromosome
12,Bos_indicus,GCF_000247795.1,mammal,Mammalia,2.7,350,8,36.07,Artiodactyla,Bovidae,106.3 Mb,28.4 kb,52,Chromosome
13,Bos_javanicus,GCF_032452875.1,mammal,Mammalia,3,700,6,46.89,Artiodactyla,Bovidae,87.5 Mb,47.1 Mb,60,Chromosome
14,Bos_mutus,GCF_000298355.1,mammal,Mammalia,2.6,546,10,36.15,Artiodactyla,Bovidae,1.4 Mb,22.8 kb,130,Scaffold
15,Bos_taurus,GCF_002263795.3,mammal,Mammalia,2.8,1416,5,,Artiodactyla,Bovidae,103.3 Mb,26.4 Mb,,Chromosome
16,Bubalus_bubalis,GCF_019923935.1,mammal,Mammalia,2.6,1000,6,40.76,Artiodactyla,Bovidae,117 Mb,9.6 Mb,572,Chromosome
17,Bubalus_kerabau,GCF_029407905.1,mammal,Mammalia,2.9,450,6,,Artiodactyla,Bovidae,121.8 Mb,91.2 Mb,34,Chromosome
18,Camelus_bactrianus,GCF_000767855.1,mammal,Mammalia,2,540,3,24.97,Artiodactyla,Camelidae,8.8 Mb,139.1 kb,79.2,Scaffold
19,Camelus_dromedarius,GCF_000803125.2,mammal,Mammalia,2.2,455,4,25.65,Artiodactyla,Camelidae,70.4 Mb,236.4 kb,65,Chromosome
20,Camelus_ferus,GCF_009834535.1,mammal,Mammalia,2.1,450,6,28.28,Artiodactyla,Camelidae,76 Mb,5.4 Mb,50,Chromosome
21,Canis_lupus_dingo,GCF_003254725.2,mammal,Mammalia,2.3,14.2,3,32.51,Carnivora,Canidae,64.3 Mb,40.7 Mb,60,Chromosome
22,Canis_lupus_familiaris,GCF_011100685.1,mammal,Mammalia,2.5,40,1,33.65,Carnivora,Canidae,64.3 Mb,40.7 Mb,60,Chromosome
23,Carassius_auratus,GCF_003368295.1,fish,Actinopterygii,1.8,0.2,6.7,39.47,Cypriniformes,Cyprinidae,22.8 Mb,821.2 kb,71,Chromosome
24,Carassius_carassius,GCF_963082965.1,fish,Actinopterygii,1.7,1.25,3.7,43.69,Cypriniformes,Cyprinidae,32.7 Mb,3.8 Mb,43,Chromosome
25,Carassius_gibelio,GCF_023724105.1,fish,Actinopterygii,1.6,3,6.1,,Cypriniformes,Cyprinidae,30.7 Mb,5.1 Mb,45,Chromosome
26,Cervus_canadensis,GCF_019320065.1,mammal,Mammalia,2.5,255,6,37.29,Artiodactyla,Cervidae,77.7 Mb,914.6 kb,686,Chromosome
27,Cervus_elaphus,GCF_910594005.1,mammal,Mammalia,2.9,175,6,44.03,Artiodactyla,Cervidae,83.5 Mb,68.7 Mb,30,Chromosome
28,Corvus_brachyrhynchos,GCF_000691975.1,bird,Aves,1.1,0.45,7.3,17.85,Passeriformes,Corvidae,7 Mb,29.1 kb,80,Scaffold
29,Corvus_cornix_cornix,GCF_000738735.6,bird,Aves,1,0.544,6,,Passeriformes,Corvidae,73.7 Mb,8.6 Mb,150,Chromosome
30,Corvus_hawaiiensis,GCF_020740725.1,bird,Aves,1.2,0.45,3,22.76,Passeriformes,Corvidae,76.3 Mb,23.1 Mb,29.61,Chromosome
31,Corvus_kubaryi,GCF_017639235.1,bird,Aves,1.1,0.242,7.3,18.26,Passeriformes,Corvidae,17.9 Mb,211.1 kb,28,Scaffold
32,Corvus_moneduloides,GCF_009650955.1,bird,Aves,1.1,0.305,7.3,18.72,Passeriformes,Corvidae,74.7 Mb,11.5 Mb,62.08,Chromosome
33,Cygnus_atratus,GCF_013377495.2,bird,Aves,1.1,6.35,12.6,,Anseriformes,Anatidae,84.6 Mb,29 Mb,90,Chromosome
34,Cygnus_olor,GCF_009769625.2,bird,Aves,1.1,10.95,12.2,20.64,Anseriformes,Anatidae,81.5 Mb,8.3 Mb,60.23,Chromosome
35,Cyprinodon_tularosa,GCF_016077235.1,fish,Actinopterygii,1.1,0.005,0.0959,37.31,Cyprinodontiformes,Cyprinodontidae,1.4 Mb,1.4 Mb,90,Contig
36,Cyprinodon_variegatus,GCF_000732505.1,fish,Actinopterygii,1,0.005,2.9,26.95,Cyprinodontiformes,Cyprinodontidae,835.3 kb,20.8 kb,81,Scaffold
37,Dipodomys_ordii,GCF_000151885.1,mammal,Mammalia,2.2,0.052,0.567,35.96,Rodentia,Heteromyidae,11.9 Mb,48.1 kb,,Scaffold
38,Dipodomys_spectabilis,GCF_019054845.1,mammal,Mammalia,2.8,0.115,0.167,47.85,Rodentia,Heteromyidae,9.6 Mb,9.6 Mb,23,Contig
39,Epinephelus_fuscoguttatus,GCF_011397635.1,fish,Osteichthyes,1,11,2.9,30.55,Perciformes,Serranidae,44.4 Mb,13.9 Mb,87.6,Chromosome
40,Epinephelus_lanceolatus,GCF_005281545.1,fish,Osteichthyes,1.1,400,14,29.55,Perciformes,Serranidae,46.2 Mb,159.8 kb,133,Chromosome
41,Epinephelus_moara,GCF_006386435.1,fish,Osteichthyes,1,33,14,,Perciformes,Serranidae,43.4 Mb,76.2 kb,381,Chromosome
42,Equus_asinus,GCF_016077325.2,mammal,Mammalia,2.4,320,2,28.89,Perissodactyla,Equidae,98.6 Mb,25.1 Mb,211,Chromosome
43,Equus_caballus,GCF_002863925.1,mammal,Mammalia,2.5,563.5,4,,Perissodactyla,Equidae,87.2 Mb,1.5 Mb,88,Chromosome
44,Equus_przewalskii,GCF_000696695.1,mammal,Mammalia,2.4,250,4.5,27.86,Perissodactyla,Equidae,513.8 kb,57.6 kb,85.63,Scaffold
45,Equus_quagga,GCF_021613505.1,mammal,Mammalia,2.5,275,3.5,,Perissodactyla,Equidae,122.6 Mb,427.9 kb,48,Chromosome
46,Etheostoma_cragini,GCF_013103735.1,fish,Osteichthyes,0.643,0.0013,1.25,25.83,Perciformes,Percidae,27.6 Mb,45.1 kb,208.6,Chromosome
47,Etheostoma_spectabile,GCF_008692095.1,fish,Osteichthyes,0.855,,2.75,30.27,Perciformes,Percidae,30.5 Mb,26 kb,172,Chromosome
48,Falco_biarmicus,GCF_023638135.1,bird,Aves,1.3,0.75,5,22.94,Falconiformes,Falconidae,91.5 Mb,24.9 Mb,28,Chromosome
49,Falco_cherrug,GCF_023634085.1,bird,Aves,1.3,1.05,6.08,24.31,Falconiformes,Falconidae,92.4 Mb,21.2 Mb,35.49,Chromosome
50,Falco_naumanni,GCF_017639655.2,bird,Aves,1.2,0.138,3.79,,Falconiformes,Falconidae,91.8 Mb,13.8 Mb,104.34,Chromosome
51,Falco_peregrinus,GCF_023634155.1,bird,Aves,1.3,0.907,4,24.03,Falconiformes,Falconidae,93.7 Mb,15.7 Mb,28,Chromosome
52,Falco_rusticolus,GCF_015220075.1,bird,Aves,1.2,14.5,7.73,18.15,Falconiformes,Falconidae,91.1 Mb,15.3 Mb,44.28,Chromosome
53,Gadus_chalcogrammus,GCF_026213295.1,fish,Osteichthyes,0.63,3.9,6.5,32.71,Gadiformes,Gadidae,27 Mb,358.9 kb,61.77,Chromosome
54,Gadus_macrocephalus,GCF_031168955.1,fish,Osteichthyes,0.556,22.7,9.25,32.43,Gadiformes,Gadidae,24.6 Mb,202.6 kb,45,Chromosome
55,Gadus_morhua,GCF_902167405.1,fish,Osteichthyes,0.67,40,7.7,31.74,Gadiformes,Gadidae,28.7 Mb,1 Mb,83,Chromosome
56,Gopherus_evgoodei,GCF_007399415.2,reptile,Reptilia,2.3,5.2,15,32.75,Testudines,Testudinidae,147.4 Mb,13 Mb,58,Chromosome
57,Gopherus_flavomarginatus,GCF_025201925.1,reptile,Reptilia,2.5,85,15,,Testudines,Testudinidae,162.9 Mb,6.9 Mb,57.78,Chromosome
58,Haliaeetus_albicilla,GCF_000691405.1,bird,Aves,1.1,4.78,5.5,17.82,Accipitriformes,Accipitridae,57.3 kb,25.1 kb,26,Scaffold
59,Haliaeetus_leucocephalus,GCF_000737465.1,bird,Aves,1.2,4.3,5,18.04,Accipitriformes,Accipitridae,9.1 Mb,105.5 kb,103,Scaffold
60,Hippocampus_comes,GCF_001891065.2,fish,Actinopterygii,0.492,,0.6,,Syngnathiformes,Syngnathidae,2 Mb,39.7 kb,192,Scaffold
61,Hippocampus_zosterae,GCF_025434085.1,fish,Actinopterygii,0.545,,0.325,,Syngnathiformes,Syngnathidae,26 Mb,22.5 Mb,80,Chromosome
62,Hippoglossus_hippoglossus,GCF_009819705.1,fish,Osteichthyes,0.597,100,9,23.34,Carangiformes,Pleuronectidae,26.3 Mb,7 Mb,56.23,Chromosome
63,Hippoglossus_stenolepis,GCF_022539355.2,fish,Osteichthyes,0.602,230,9.25,23.95,Carangiformes,Pleuronectidae,27.3 Mb,4.6 Mb,91,Chromosome
64,Ictalurus_furcatus,GCF_023375685.1,fish,Osteichthyes,0.826,75,4,,Siluriformes,Ictaluridae,30.4 Mb,16.8 Mb,37,Chromosome
65,Ictalurus_punctatus,GCF_001660625.3,fish,Osteichthyes,0.843,1.35,2.5,,Siluriformes,Ictaluridae,29.2 Mb,21 Mb,37,Chromosome
66,Labrus_bergylta,GCF_900080235.1,fish,Osteichthyes,0.806,4.4,9.25,29.53,Perciformes,Labridae,794.6 kb,703.8 kb,144,Scaffold
67,Labrus_mixtus,GCF_963584025.1,fish,Osteichthyes,0.741,0.26,8.3,33.17,Perciformes,Labridae,30.4 Mb,2.7 Mb,35,Chromosome
68,Lagenorhynchus_albirostris,GCF_949774975.1,mammal,Mammalia,2.5,265,12,39.23,Cetacea,Delphinidae,110.7 Mb,3.4 Mb,33,Chromosome
69,Lagenorhynchus_obliquidens,GCF_003676395.1,mammal,Mammalia,2.3,157.5,10,,Cetacea,Delphinidae,28.4 Mb,255.8 kb,35.68,Scaffold
70,Lagopus_leucura,GCF_019238085.1,bird,Aves,1,0.388,2.5,19.48,Galliformes,Phasianidae,36.3 Mb,214.2 kb,42,Scaffold
71,Lagopus_muta,GCF_023343835.1,bird,Aves,1,0.845,4.2,21.07,Galliformes,Phasianidae,71.2 Mb,17.9 Mb,57.75,Chromosome
72,Lynx_canadensis,GCF_007474595.2,mammal,Mammalia,2.4,10,2.25,33.66,Carnivora,Felidae,147.3 Mb,7.5 Mb,72,Chromosome
73,Lynx_rufus,GCF_022079265.1,mammal,Mammalia,2.4,9.5,1.5,,Carnivora,Felidae,142.1 Mb,66.2 Mb,40,Scaffold
74,Macaca_fascicularis,GCF_012559485.2,mammal,Mammalia,2.8,5,6,36.89,Primates,Cercopithecidae,149.8 Mb,26.3 Mb,201,Chromosome
75,Macaca_mulatta,GCF_003339765.1,mammal,Mammalia,3,6.52,11,37.92,Primates,Cercopithecidae,82.3 Mb,46.6 Mb,41,Chromosome
76,Macaca_nemestrina,GCF_000956065.1,mammal,Mammalia,2.9,4.88,11,34.12,Primates,Cercopithecidae,15.2 Mb,106.9 kb,113.1,Scaffold
77,Macaca_thibetana_thibetana,GCF_024542745.1,mammal,Mammalia,2.8,13.6,6,,Primates,Cercopithecidae,150.6 Mb,48.6 Mb,86,Chromosome
78,Manacus_candei,GCF_025592945.1,bird,Aves,1.1,0.0163,3.1,,Passeriformes,Pipridae,16 Mb,16 Mb,45,Contig
79,Manacus_vitellinus,GCF_001715985.3,bird,Aves,1.1,0.018,2.46,17.89,Passeriformes,Pipridae,17.9 Mb,290.6 kb,110,Scaffold
80,Manis_javanica,GCF_014570535.1,mammal,Mammalia,2.4,10,1,25.23,Pholidota,Manidae,13.9 Mb,84 kb,411.8,Scaffold
81,Manis_pentadactyla,GCF_030020395.1,mammal,Mammalia,2.8,4.75,1,38.48,Pholidota,Manidae,149.6 Mb,25.5 Mb,30.11,Chromosome
82,Marmota_flaviventris,GCF_003676075.3,mammal,Mammalia,2.6,2.4,2,,Rodentia,Sciuridae,11.4 Mb,143.8 kb,45,Scaffold
83,Marmota_marmota_marmota,GCF_001458135.2,mammal,Mammalia,2.5,3.5,2,29.81,Rodentia,Sciuridae,31.3 Mb,66.5 kb,43,Scaffold
84,Marmota_monax,GCF_021218885.2,mammal,Mammalia,2.6,4.2,1,34.61,Rodentia,Sciuridae,11.5 Mb,10.7 Mb,77.2,Scaffold
85,Mauremys_mutica,GCF_020497125.1,reptile,Reptilia,2.5,894,5,33.2,Testudines,Geoemydidae,135.1 Mb,15 Mb,99.81,Chromosome
86,Mauremys_reevesii,GCF_016161935.1,reptile,Reptilia,2.4,0.232,5.5,33.89,Testudines,Geoemydidae,130.5 Mb,33.4 Mb,96.7,Chromosome
87,Micropterus_dolomieu,GCF_021292245.1,fish,Osteichthyes,0.83,2.98,3.5,27.53,Perciformes,Centrarchidae,34.2 Mb,46.8 kb,50,Chromosome
88,Micropterus_salmoides,GCF_014851395.1,fish,Osteichthyes,0.964,1.36,5,28.82,Perciformes,Centrarchidae,36.5 Mb,1.2 Mb,85,Scaffold
89,Microtus_fortis,GCF_014885135.2,mammal,Mammalia,2.2,0.064,0.33,,Rodentia,Cricetidae,10 Mb,90.7 kb,108,Scaffold
90,Microtus_ochrogaster,GCF_000317375.1,mammal,Mammalia,2.3,0.045,0.1,26.84,Rodentia,Cricetidae,17.3 Mb,21.3 kb,94,Chromosome
91,Microtus_oregoni,GCF_018167655.1,mammal,Mammalia,3,0.021,0.08,40.09,Rodentia,Cricetidae,34.8 Mb,34.8 Mb,43,Contig
92,Mirounga_angustirostris,GCF_021288785.2,mammal,Mammalia,2.4,1430,8.7,32.4,Carnivora,Phocidae,139.7 Mb,76.2 kb,125,Chromosome
93,Mirounga_leonina,GCF_011800145.1,mammal,Mammalia,2.4,234.5,6,33.11,Carnivora,Phocidae,54.2 Mb,198 kb,100,Scaffold
94,Mus_caroli,GCF_900094665.2,mammal,Mammalia,2.6,0.011,0.13,,Rodentia,Muridae,122.6 Mb,30.9 kb,60,Chromosome
95,Mus_musculus,GCF_000001635.27,mammal,Mammalia,2.7,0.021,0.12,,Rodentia,Muridae,106.1 Mb,59.5 Mb,,Chromosome
96,Mus_pahari,GCF_900095145.1,mammal,Mammalia,2.5,0.024,0.23,27.3,Rodentia,Muridae,111.4 Mb,29.5 kb,74,Chromosome
97,Mustela_erminea,GCF_009829155.1,mammal,Mammalia,2.4,0.094,3,32.85,Carnivora,Mustelidae,130.1 Mb,36.3 Mb,62.86,Chromosome
98,Mustela_lutreola,GCF_030435805.1,mammal,Mammalia,2.6,0.689,2,36.01,Carnivora,Mustelidae,154.1 Mb,83.4 Mb,36.15,Chromosome
99,Mustela_nigripes,GCF_022355385.1,mammal,Mammalia,2.5,0.885,1,31.53,Carnivora,Mustelidae,145.4 Mb,148.8 kb,85,Chromosome
100,Mustela_putorius_furo,GCF_011764305.1,mammal,Mammalia,2.6,1,4.5,35.56,Carnivora,Mustelidae,23.6 Mb,23.6 Mb,183.7,Contig
101,Myotis_brandtii,GCF_000412655.1,mammal,Mammalia,2.1,0.006,5.8,30.55,Chiroptera,Vespertilionidae,3.2 Mb,23.3 kb,120,Scaffold
102,Myotis_daubentonii,GCF_963259705.1,mammal,Mammalia,2.1,0.01,4,38.2,Chiroptera,Vespertilionidae,102.2 Mb,3.1 Mb,40,Chromosome
103,Myotis_davidii,GCF_000327345.1,mammal,Mammalia,2.1,0.007,2,,Chiroptera,Vespertilionidae,3.5 Mb,15.2 kb,110,Scaffold
104,Myotis_lucifugus,GCF_000147115.1,mammal,Mammalia,2,0.0045,7.5,32.91,Chiroptera,Vespertilionidae,4.3 Mb,64.3 kb,7,Scaffold
105,Myotis_myotis,GCF_014108235.1,mammal,Mammalia,2,0.0325,7.8,35.21,Chiroptera,Vespertilionidae,94.4 Mb,12.5 Mb,90.9,Scaffold
106,Ochotona_curzoniae,GCF_017591425.1,mammal,Mammalia,2.1,0.14,0.46,30.67,Lagomorpha,Ochotonidae,33.9 Mb,29.6 Mb,165,Scaffold
107,Ochotona_princeps,GCF_030435755.1,mammal,Mammalia,2.6,0.149,1,42.15,Lagomorpha,Ochotonidae,74 Mb,12.2 Mb,30,Chromosome
108,Oncorhynchus_kisutch,GCF_002021735.2,fish,Osteichthyes,2.4,4.54,4.5,53.12,Salmoniformes,Salmonidae,68.3 Mb,1.2 Mb,300,Chromosome
109,Oncorhynchus_nerka,GCF_006149115.2,fish,Osteichthyes,1.9,2.5,2.9,,Salmoniformes,Salmonidae,1.1 Mb,330.8 kb,158,Chromosome
110,Oncorhynchus_tshawytscha,GCF_018296145.1,fish,Osteichthyes,2.3,13.6,5,52.94,Salmoniformes,Salmonidae,2.9 Mb,2.9 Mb,130,Chromosome
111,Peromyscus_californicus_insignis,GCF_007827085.1,mammal,Mammalia,2.5,0.0438,1.5,,Rodentia,Cricetidae,115 Mb,8.2 Mb,18,Scaffold
112,Peromyscus_eremicus,GCF_949786415.1,mammal,Mammalia,2.9,0.025,2.5,42.51,Rodentia,Cricetidae,97.2 Mb,1.3 Mb,40,Chromosome
113,Peromyscus_leucopus,GCF_004664715.2,mammal,Mammalia,2.5,0.02,1.5,32.41,Rodentia,Cricetidae,114.3 Mb,3.5 Mb,60,Chromosome
114,Phyllostomus_discolor,GCF_004126475.2,mammal,Mammalia,2.1,0.042,1.5,30.01,Chiroptera,Phyllostomidae,171.7 Mb,6.9 Mb,65.8,Chromosome
115,Phyllostomus_hastatus,GCF_019186645.2,mammal,Mammalia,2.1,0.1,2,30.33,Chiroptera,Phyllostomidae,39.2 Mb,31.5 Mb,60,Scaffold
116,Podarcis_muralis,GCF_004329235.1,reptile,Reptilia,1.5,0.0075,2.5,35.71,Squamata,Lacertidae,92.4 Mb,714.6 kb,100,Chromosome
117,Podarcis_raffonei,GCF_027172205.1,reptile,Reptilia,1.5,0.0075,2.5,,Squamata,Lacertidae,93.6 Mb,61.4 Mb,31.05,Chromosome
118,Poecilia_formosa,GCF_000485575.1,fish,Actinopterygii,0.749,0.000184,2.9,25.44,Cyprinodontiformes,Poeciliidae,1.6 Mb,57.5 kb,82,Scaffold
119,Poecilia_latipinna,GCF_001443285.1,fish,Actinopterygii,0.815,0.000184,2.9,22.03,Cyprinodontiformes,Poeciliidae,279.2 kb,33.3 kb,34,Scaffold
120,Poecilia_mexicana,GCF_001443325.1,fish,Actinopterygii,0.802,0.000184,2.9,22.31,Cyprinodontiformes,Poeciliidae,275.3 kb,39.8 kb,30,Scaffold
121,Pongo_abelii,GCF_028885655.1,mammal,Mammalia,2.4,55,25,,Primates,Hominidae,137 Mb,71.6 Mb,102,Chromosome
122,Pongo_pygmaeus,GCF_028885625.1,mammal,Mammalia,3.2,55,25,,Primates,Hominidae,141 Mb,90.6 Mb,62,Chromosome
123,Prionailurus_bengalensis,GCF_016509475.1,mammal,Mammalia,2.4,4.4,6.44,33.68,Carnivora,Felidae,148.6 Mb,82.6 Mb,40,Chromosome
124,Prionailurus_viverrinus,GCF_022837055.1,mammal,Mammalia,2.5,9,5,,Carnivora,Felidae,144.9 Mb,68.8 Mb,30,Chromosome
125,Pteropus_alecto,GCF_000325575.1,mammal,Mammalia,2,0.667,4,25.99,Chiroptera,Pteropodidae,16 Mb,31.8 kb,110,Scaffold
126,Pteropus_giganteus,GCF_902729225.1,mammal,Mammalia,2,1.1,,26.8,Chiroptera,Pteropodidae,18.9 Mb,255.8 kb,63,Scaffold
127,Pteropus_vampyrus,GCF_000151845.1,mammal,Mammalia,2.2,0.85,8.1,24.49,Chiroptera,Pteropodidae,6 Mb,21.9 kb,188,Scaffold
128,Puma_concolor,GCF_003327715.1,mammal,Mammalia,2.4,43.5,3,30.82,Carnivora,Felidae,100.5 Mb,27.2 kb,47,Scaffold
129,Puma_yagouaroundi,GCF_014898765.1,mammal,Mammalia,2.5,4.85,2,33.07,Carnivora,Felidae,49.3 Mb,100.2 kb,37,Scaffold
130,Rattus_norvegicus,GCF_015227675.2,mammal,Mammalia,2.6,0.32,0.29,,Rodentia,Muridae,135 Mb,29.2 Mb,92,Chromosome
131,Rattus_rattus,GCF_011064425.1,mammal,Mammalia,2.4,0.2,0.33,31.78,Rodentia,Muridae,158.8 Mb,1.6 Mb,130,Chromosome
132,Rhinopithecus_bieti,GCF_001698545.2,mammal,Mammalia,3,13.2,5,,Primates,Cercopithecidae,2.2 Mb,36.4 kb,76.6,Scaffold
133,Rhinopithecus_roxellana,GCF_007565055.1,mammal,Mammalia,3,12.5,5.75,40.01,Primates,Cercopithecidae,144.6 Mb,5.7 Mb,100,Chromosome
134,Salmo_salar,GCF_905237065.1,fish,Osteichthyes,2.8,5.7,1.5,57.86,Salmoniformes,Salmonidae,28.1 Mb,28.1 Mb,70,Chromosome
135,Salmo_trutta,GCF_901001165.1,fish,Osteichthyes,2.4,16.5,5,50.88,Salmoniformes,Salmonidae,52.2 Mb,1.7 Mb,68,Chromosome
136,Salvelinus_fontinalis,GCF_029448725.1,fish,Osteichthyes,2.5,3.5,2,55.5,Salmoniformes,Salmonidae,51 Mb,1.2 Mb,120,Chromosome
137,Salvelinus_namaycush,GCF_016432855.1,fish,Osteichthyes,2.3,3,6.5,52.87,Salmoniformes,Salmonidae,45 Mb,1.8 Mb,89,Chromosome
138,Salvelinus_sp._IW2-2015,GCF_002910315.2,fish,Osteichthyes,2.2,1.06,10,43.33,Salmoniformes,Salmonidae,1 Mb,55.6 kb,146,Chromosome
139,Scomber_japonicus,GCF_027409825.1,fish,Osteichthyes,0.829,0.3,5,,Scombriformes,Scombridae,34.6 Mb,4.9 Mb,49.19,Chromosome
140,Scomber_scombrus,GCF_963691925.1,fish,Osteichthyes,0.764,0.9,3.1,29.15,Scombriformes,Scombridae,31.1 Mb,1.5 Mb,29,Chromosome
141,Seriola_aureovittata,GCF_021018895.1,fish,Osteichthyes,0.647,70,3,24.85,Carangiformes,Carangidae,28.5 Mb,18 Mb,165,Chromosome
142,Seriola_dumerili,GCF_002260705.1,fish,Osteichthyes,0.678,18,5.5,23.96,Carangiformes,Carangidae,5.8 Mb,249.8 kb,210,Scaffold
143,Seriola_lalandi_dorsalis,GCF_002814215.2,fish,Osteichthyes,0.732,70,3,,Carangiformes,Carangidae,1.3 Mb,51.5 kb,180,Scaffold
144,Sinocyclocheilus_anshuiensis,GCF_001515605.1,fish,Actinopterygii,1.6,,1.25,36.28,Cypriniformes,Cyprinidae,1.3 Mb,17.3 kb,60,Scaffold
145,Sinocyclocheilus_grahami,GCF_001515645.1,fish,Actinopterygii,1.8,0.25,5,,Cypriniformes,Cyprinidae,1.2 Mb,29.4 kb,88,Scaffold
146,Sinocyclocheilus_rhinocerous,GCF_001515625.1,fish,Actinopterygii,1.7,0.005,1.25,35.27,Cypriniformes,Cyprinidae,945.7 kb,18.8 kb,48,Scaffold
147,Solea_senegalensis,GCF_019176455.1,fish,Osteichthyes,0.604,0.278,6.2,27.41,Pleuronectiformes,Soleidae,26.1 Mb,1.2 Mb,25,Chromosome
148,Solea_solea,GCF_958295425.1,fish,Osteichthyes,0.644,0.475,3.9,32.06,Pleuronectiformes,Soleidae,29.1 Mb,2.6 Mb,32,Chromosome
149,Syngnathus_acus,GCF_901709675.1,fish,Actinopterygii,0.324,0.033,2.9,25.36,Syngnathiformes,Syngnathidae,15 Mb,12 Mb,96,Chromosome
150,Syngnathus_scovelli,GCF_024217435.1,fish,Actinopterygii,0.428,0.003,1.25,,Syngnathiformes,Syngnathidae,17.3 Mb,15.6 Mb,80,Scaffold
151,Syngnathus_typhle,GCF_033458585.1,fish,Actinopterygii,0.435,0.003,2,43.29,Syngnathiformes,Syngnathidae,14.9 Mb,9.1 Mb,80,Chromosome
152,Tachysurus_fulvidraco,GCF_022655615.1,fish,Osteichthyes,0.712,3,2.9,34.26,Siluriformes,Bagridae,27.2 Mb,3.3 Mb,50,Chromosome
153,Tachysurus_vachellii,GCF_030014155.1,fish,Osteichthyes,0.692,0.12,2.9,34.21,Siluriformes,Bagridae,27.6 Mb,13.3 Mb,60,Chromosome
154,Takifugu_flavidus,GCF_003711565.1,fish,Osteichthyes,0.366,0.3,2.9,20.8,Tetraodontiformes,Tetraodontidae,15.7 Mb,4.4 Mb,200,Chromosome
155,Takifugu_rubripes,GCF_901000725.2,fish,Osteichthyes,0.384,0.3,2.5,20.1,Tetraodontiformes,Tetraodontidae,16.7 Mb,3.1 Mb,83,Chromosome
156,Thamnophis_elegans,GCF_009769535.1,reptile,Reptilia,1.7,0.15,2,42.02,Squamata,Colubridae,100.9 Mb,4.6 Mb,62.12,Chromosome
157,Thamnophis_sirtalis,GCF_001077635.1,reptile,Reptilia,1.4,0.15,1.75,26.58,Squamata,Colubridae,647.6 kb,10.4 kb,72,Scaffold
158,Thunnus_albacares,GCF_914725855.1,fish,Osteichthyes,0.792,78.5,2.8,26.27,Perciformes,Scombridae,34.6 Mb,26.8 Mb,45,Chromosome
159,Thunnus_maccoyii,GCF_910596095.1,fish,Osteichthyes,0.782,19.6,9.25,26.07,Perciformes,Scombridae,33.8 Mb,26.8 Mb,46,Chromosome
160,Triplophysa_dalaica,GCF_015846415.1,fish,Actinopterygii,0.608,,2.9,30.31,Cypriniformes,Nemacheilidae,23.6 Mb,9.3 Mb,200,Chromosome
161,Triplophysa_rosa,GCF_024868665.1,fish,Actinopterygii,0.685,0.0063,2.9,35.23,Cypriniformes,Nemacheilidae,24.8 Mb,377.6 kb,223,Chromosome
162,Ursus_americanus,GCF_020975775.1,mammal,Mammalia,2.4,224,3.5,31.82,Carnivora,Ursidae,13.9 Mb,13.9 Mb,11,Contig
163,Ursus_arctos,GCF_023065955.2,mammal,Mammalia,2.4,340,5,32.37,Carnivora,Ursidae,72 Mb,35.7 Mb,32,Chromosome
164,Ursus_maritimus,GCF_017311325.1,mammal,Mammalia,2.3,475,5.5,30.26,Carnivora,Ursidae,72.2 Mb,206.7 kb,52,Scaffold
165,Vidua_chalybeata,GCF_026979565.1,bird,Aves,1.1,0.0012,3.2,19.94,Passeriformes,Viduidae,72.6 Mb,15.8 Mb,55,Chromosome
166,Vidua_macroura,GCF_024509145.1,bird,Aves,1.1,0.0015,3.2,22.79,Passeriformes,Viduidae,61.8 Mb,7.5 Mb,47.6,Chromosome
167,Vulpes_lagopus,GCF_018345385.1,mammal,Mammalia,2.3,5.2,1,32.23,Carnivora,Canidae,131.5 Mb,33.5 Mb,121,Chromosome
168,Vulpes_vulpes,GCF_003160815.1,mammal,Mammalia,2.4,8.5,1,30.28,Carnivora,Canidae,12.5 Mb,55.5 kb,93.9,Scaffold
169,Xiphophorus_couchianus,GCF_001444195.1,fish,Actinopterygii,0.689,0.000184,1.25,27.65,Cyprinodontiformes,Poeciliidae,30.6 Mb,15.3 Mb,77,Chromosome
170,Xiphophorus_hellerii,GCF_003331165.1,fish,Actinopterygii,0.733,0.000184,1,28.23,Cyprinodontiformes,Poeciliidae,32.4 Mb,7.1 Mb,68,Chromosome
171,Xiphophorus_maculatus,GCF_002775205.1,fish,Actinopterygii,0.704,0.000184,1.25,27.66,Cyprinodontiformes,Poeciliidae,31.5 Mb,9.2 Mb,83,Chromosome